{"cameraMode":{"drawMode":0,"name":"Shaded","section":"Shading Mode"},"sceneLighting":false,"audioPlay":false,"sceneViewState":{"showFog":true,"showMaterialUpdate":true,"showSkybox":true,"showFlares":true,"showImageEffects":true,"showParticleSystems":true},"in2DMode":false,"pivot":{"x":1.2626079320907593,"y":-2.0311079025268556,"z":-7.284854412078857},"rotation":{"x":0.5424618124961853,"y":0.09430398046970368,"z":-0.061448510736227038,"w":0.8325058817863464},"size":6.775812149047852,"orthographic":false}