{"cameraMode":{"drawMode":0,"name":"Shaded","section":"Shading Mode"},"sceneLighting":true,"audioPlay":false,"sceneViewState":{"showFog":true,"showMaterialUpdate":false,"showSkybox":true,"showFlares":true,"showImageEffects":true,"showParticleSystems":true},"in2DMode":false,"pivot":{"x":95.13616943359375,"y":-0.00000762939453125,"z":346.89654541015627},"rotation":{"x":0.5485835671424866,"y":-0.16064123809337617,"z":0.10835065692663193,"w":0.813332736492157},"size":165.2345428466797,"orthographic":true}